モバイルインターネット接続を行うには、モバイル端末はモバイルネットワークを用いて【A】にあるアクセスポイントへ接続する。この【A】からインターネットへ接続するサービスを通信事業者が提供している。,事業者網,LTE,RAN,ゲートウェイ,,
ワイヤレスデータ通信の主要な方式であるパケット通信において、モバイル接続機器を経由してPC等をISP事業者のネットワークと接続するインタフェースには【A】が用いられている。,TCP/IP,HTML,ADSL,IEEE802.11,,
一般的に、モバイル端末がエリア内にあって通信が可能な待ち受け状態、あるいは、通信接続中状態にあるときは、 【A】や受信電力対干渉電力比などに対応して増減するバーの数等 で 【B】 がユーザに表示されるようになっている。,【A】受信電波の強度【B】電波の強さの目安,【A】送信局までの距離【B】伝送速度の目安,【A】送信電力【B】受信品質,【A】伝送速度【B】電池の残量,,
コンピュータが送出する IP パケットの、あて先 IP アドレスが同一ネットワークアドレスにある場合、直接コンピュータに IP パケットを送出する。これを直接【A】と呼ぶ。一方、異なるネットワークアドレスの場合は、そのコンピュータが 接続されているネットワークの 【B】 (デフォルトゲートウェイ)に IP パケットを送る。【B】 は宛て先アドレスを読み取り、【B】に直接接続されている別サブネットの中を探し、見つかれば IP パケットを送出する。もし見つからない場合は、宛て先のコンピュータに近い【B】に IP パケットを送出する。これを繰り返すことで、IP パケットが宛て先に届く。これを 【A】 呼ぶ。,【A】DNS【B】ハブ（スイッチングハブ),【A】ルーティング【B】ハブ（スイッチングハブ),【A】DNS【B】ルーター,【A】ルーティング【B】ルーター,,
この図は LTE のコアネットワークの構成である。EPC は、【A】、【B】、【C】、【D】、HSS により構成される。EPC はコアネットワーク内でのデータ転送、IP アドレスの割当て、移動機の移動に応じた経路切り替えを実行する。 【A】は、移動機との制御信号のやりとりにより、移動管理や eNB、【C】への通信経路の設定を行う。【B】は、通信のポリシーや課金制御などを実行する。【C】は、【A】からの指示により、eNB、【D】との通信経路を設定する。通信中の移動機の移動に伴い、通信経路を切り替る。【D】は、インターネットなどの外部ネットワークとの接続点の役割を担い、移動機と外部ネットワーク間でデータを転送する。,【A】MME　【B】PCRF　【C】S-GW　【D】P-GW,【A】PCRF　【B】MME　【C】P-GW　【D】S-GW,【A】PCRF　【B】MME　【C】S-GW　【D】P-GW,【A】MME　【B】PCRF　【C】P-GW　【D】S-GW,,mcpc_rank2_sample_5.jpg
モバイル端末の省電力化技術に関して不適切な記述を、A～Dの選択肢の中から一つ選びなさい。,CPU はできるだけ高い周波数で動作させる。,ハードディスクの回転を止める。,ディスプレイを閉じたときは、カラーモードを解消してモノクロモードとする。,液晶ディスプレイのバックライトの輝度を下げるか、一定時間後に完全に消灯する。,,
適切な記述を1つ選べ,Java VM によりプロセッサと OS の仮想化を行う事で、Java アプリケーションは、異なるプロセッサ、異なる OS の上でも動作可能である。,Java アプリケーションは、異なるプロセッサ、異なる OS の上で Java VM がなくても動作可能である。,Java アプリケーションの実行環境を実現する Java VM は、異なるプロセッサ、異なる OS に関係なく共通のソフトウェアを利用することが可能である。,Java 言語で複数の OS 上で実行できるアプリケーションを作成するには、各々の OS に対応したソースを記述することで実現できる。,,mcpc_rank2_sample_7.jpg
情報セキュリティを実現する暗号化の方式において、【A】 は、送信側と受信側で同じアルゴリズムと鍵を使用して、暗号化と復号を行う。,共通鍵暗号方式,ハイブリッド方式,公開鍵暗号方式,電子署名方式,,
XR に関して不適切な記述を、A～Dの選択肢の中から一つ選びなさい。,AR では、VR で作り出された仮想現実物体と、現実世界をベースにしているMR の拡張現実空間の双方が混ざった空間を作り出す。, VR は、建設現場の重機操作の事前トレーニング、危険な場所での作業事前体験、災害時の避難トレーニングなどの事例で取り組まれいる, AR の技術を用いると、インテリアや家具を購入する前に、自分の部屋の目的の場所へ仮想的に重ねて表示を行い、空間との相性を事前に確認できるようになる。,VR の技術を用いると、ヘッドマウントディスプレイ（HMD）に仮想空間の映像を映し出す事で、新たに作り出した仮想空間の中に自身がいるような体験ができる。,,
モバイルコンピューティングの普及を推進するために、日本で1997年に設立された組織はなんという？,MCPC,イー・モバイル,3GPP,日本電信電話公社,,
「コンピュータを移動先で利用できること」を実現するためにPCの小型・軽量化・省電力化をコンセプトととしてノートPCはいつごろ登場したか？,1990年代,1980年代,2000年代,2010年代,,
無線LANなどのワイヤレス通信機能を内蔵したPCをなんと呼ぶか？,embedded PC,UMPC,タブレット,PDA,UMPC：Ultra Mobile PC、2006年以降に登場したさらなるモバイル性を追及したPCPDA：Persoanl Digital Assistant、PCの機能の一部を取り出して移動中に利用可能として携帯情報端末,
クライアント/サーバ型のコンピュータシステムやインターネットの普及により、通信回線を介して他のコンピュータとデータのやり取りを行うことをなんというか？,リモートアクセス,VPN,無線LAN,FTTH,,
2009年ころから、「あらゆるものがインターネットに接続されている状態、あるいは者を接続することでコミュニケーションを可能にする技術」と定義された言葉は？,IoT,M2M,ユビキタスコンピューティング,モバイルコンピューティング,,
顧客関係管理 をアルファベットでなんというか？,CRM,CCD,ICT,MDM,ICT：情報通信技術CCD：Charge Coupled Devicesセンサ、モバイル端末の撮像素子に使われるセンサ。MDM：モバイルデバイス管理,
モバイルネットワークの端末として、情報処理を行い、ネットワークを終端する機能を持った通信機器はなんというか。,モバイル端末,モバイル接続機器,データ通信カード,モバイルワイヤレスルータ,,
情報処理機能を持たず、他の端末や機器に対して通信接続機能を提供したり、ネットワーク間の通信を中継したりする機能を持ったモバイル機器は？,モバイル接続機器,情報通信端末,情報処理端末,モバイル端末,,
【A】【B】に入る正しい言葉の組み合わせを選べ。PCやタブレット端末をモバイル環境下で利用するには、ワイヤレスデータ通信サービスを利用した通信接続機能への対応が必要であり、モバイル接続機器をPCのスロットに挿入してネットワークへ接続するのが一般的だったが、現在は無線LANモジュールなどを内蔵した(これを【A】という)ノートPCやタブレット端末が主流になりつつある。2014年に日本HPが既存のモバイルノートPCに通信モジュールを内蔵した「【B】モデル」を追加して以降、現在は5G対応モジュールが組み込まれたノートPCの発売も行われている。,A：embeddedB：LTE,A：enhancedB：Wi-Fi,A：embeddedB：Wi-Fi,A：enhancedB：LTE,2007年以降に、KDDIの「CDMA 1X WIN対応通信モジュール」を内蔵した中国Lenovo社のノートPCや、NTTドコモのFOMA通信モジュールを内蔵した富士通、ソニーのノートPCなどが登場しました。,
【A】に入る正しい言葉を選べ。携帯電話端末において、通話、ショートメッセージサービス、メールなど限定された機能のみ具備する機種を【A】と呼ぶ。,ベーシックフォン,フィーチャーフォン,スマートフォン,らくらくホン,フィーチャーフォン：2000年以降、ベーシックフォンから進化し、モバイルインターネット機能を備え、Webアプリケーションが動作し、GPS、ワンセグ、カメラ機能強化、おサイフケータイなどベーシックフォンから機能追加された。スマートフォン：2004年から提供され、様々なアプリケーションを追加することで多機能化、カスタマイズが可能になった携帯電話。らくらくホン：NTTドコモから販売される高齢者向けベーシックフォン。KDDIからは提供されているものは、かんたんケータイと呼ばれる。,
MCPCにおいて、以下で定義される端末を正しく選べ「情報処理および通話・データ通信の機能を備え、自由なアプリケーションの対かと開発による機能の拡張やカスタマイズを実現するため、仕様が公開されたオペレーションシステム(OS)を搭載したモバイル端末」,スマートフォン,ベーシックフォン,フィーチャーフォン,ガラホ,AndroidもiOSも、アプリケーション開発に関する仕様が公開されています,
スマートフォン展開の歴史において、【A】【B】にあてはまる正しい組み合わせを選べ。2004年：ボーダフォン(現【A】)からVodafon702NK 発売2005年：NTTドコモからFOMA M1000、ウェルコム(現【A】)からWindows Mobile5.0を搭載した W-ZERO3 発売2007年：イー・モバイル(現【A】)からWindows Mobile6.0搭載のEMONSTER(S11HT) 発売2009年：KDDIからE30HT 発売2010年：Microsofty社から、新しい携帯電話プラットフォームの【B】発表,【A】ソフトバンク【B】Windows Phone 7 Series,【A】ソフトバンク【B】Black Berry,【A】楽天モバイル【B】Windows Phone 7 Series,【A】楽天モバイル【B】Black Berry,,
表示視聴端末として誤りがあるものを選べ,M2Mデバイス,デジタルサイネージ,携帯音楽プレイヤー,電子書籍端末,M2Mデバイスは、情報収集端末として分類され、センサネットワーク端末や、車両運行管理システム用車載端末などがあげられます。そのほか、携帯音楽プレイヤーも表示視聴端末に含まれます。電子書籍端末：Amazon.com社のKindleシリーズ、楽天で取り扱うKoboシリーズなど。通信接続機能を有し、オンライン書店から電子書籍コンテンツをDLして利用可能。デジタルサイネージ：電子看板とも呼ばれ、表示と通信にデジタル技術を活用し、平面ディスプレイやプロジェクタなどによって映像や情報を表示する。デジタルフォトフレーム：デジタルカメラや携帯電話などで撮影した写真データを液晶ディスプレイに表示する専用端末。,
産業機械や車載機器などの様々な機器に組み込まれ、製品の稼働状況や位置情報などを取得し、効率的に管理できるソリューションを提供するために、M2M・IoTの通信機能を提供する役割をになっている機器として活用されるものは？,データ通信モジュール,データ通信カード,モバイルワイヤレスルータ,USBドングル,データ通信カード：PCのUSBコネクタに著k末津挿入して利用するデータ通信専用機器。講習無線LANサービスに利用できる無線LANカードもこの種類に分類される。データ通信モジュール：自動車や自動販売機など、PCやPDA以下の様々な機器や装置によるモバイルネットワークの利用を想定して、アンテナコネクタやUARTシリアルインタフェースを持った機種が商品化されている。モバイルワイヤレスルータ：インターネット接続のWAN側に通信用としてLTEや5G、WiMAXの無線回線を用い、LAN側に無線LANなどの無線回線を用いて、LAN/WAN間を中継する電池内蔵ルータであり、モバイルルータとも呼ばれる。,
2003年にKDDIから提供された方式で、データ伝送専用の通信方式が取り入れられ、下り方向で最大3.1～9.2Mbpsの速度を実現した方式はなに？,CDMA2000 1x EV-DO,CDMA2000 1X,W-CDMA,HSPA,CDMA200 1Xは、KDDI採用の下り最大数百kbps。W-CDMA：NTTドコモやソフトバンクモバイル(現ソフトバンク)に採用、下り最大数百kbps。HSPA：W-CDMAのデータ通信方式を高速化した方式。,
LTE-Advanced方式の代表的な技術であり、国内ではKDDIが初めて利用、NTTドコモでは2018年5月に下り最大988Mbpsの実現に寄与した、周波数を束ねることで高速度化可能な技術はなにか？,CA(Carrier Aggregation),周波数ホッピング,FDD(frequency Division Duplex),OFDM,,
3GPPにおいて、LTEやLTE-Advancedをベースに、MTC(Machine Type Communication)、eMTC、NB-IoTというIoT関連の無線アクセスネットワーク技術が規定されましたが、それとは別に、SigfoxなどのIoT用広域低速データ通信に特化した方式を総称してなんというか？,LPWA,LoRaWAN,XGP,Wireless City Plannig,LPWA：Low Power Wide Area。省電力広域ネットワークと呼ばれる、無線通信技術の総称。Sigfox：Sigfox社が、UltraNarrow band(UND)とLow Throughput Networks(LTN)と呼ばれる2つの技術を核として開発したLPWA。欧州などでサービス提供。LoRaWAN：LoRa Allianceが策定いたLPWA技術。勧告や欧州などで運用されている。XGP：eXtended Global Platform。PHSをベースにOFDM/TDD技術などを適用して伝送速度の高速化を図ったシステム。Wireless City Plannnig：AXGPというネットワークを提供してるSoftbank参加の通信通信事業者。,
以下文章の【A】～【D】にあてはまる正しい組み合わせを選べ。次世代PHSに相当する【A】サービスを2009年10月にウィルコムが提供開始したが、2010年12月に【B】へ継承した。その後、【A】を高度化、拡張した【C】というサービスを提供したが、その中で自営システムのものを【D】と呼ぶ。,【A】XGP【B】Wireless City Planning【C】AXGP【D】sXGP,【A】ISDN【B】Wireless City Planning【C】sXGP【D】AXGP,【A】BWA【B】UQモバイル【C】sXGP【D】AXGP,【A】BWA【B】UQモバイル【C】AXGP【D】sXGP,,
モバイルWiMAXについて正しいものを選べ,UQコミュニケーションズによるモバイルWiMAXサービスは2020年3月に終了している。,モバイルWiMAXの標準規格はIEEE802.16aである。,2017年には、下り最大558Mbpsを達成したが、2022年以降、周波数の一部をKDDI 5G用に転用したことにより、下り最大220Mbpsとなった。,TD-LTE方式と呼ばれる通信方式は、周波数分割方式である。,・モバイルWiMAXの標準規格はIEEE 802.16eである。・2017年時の最大下り速度は1.2Gbpsである(LTE網とのキャリアアグリゲーションを行った場合)。純粋なモバイルWiMAXの周波数利用だけでは、558Mbpsが最大。・TD-LTE方式は、時分割周波数方式である。Time-Duplex,
LTE(3.9G)の下り通信速度(理論値)として正しいものを1つ選べ,37.5~150Mbps,76~261Mbps,300Mbps~1Gbps,300Mbps、4.2~20Gbps,AXGP：76～261Mbps4G(LTE-advanced)：300Mbps～1Gbps5G-NR：300Mbps、4.2~20Gbps,
1979年に【A】が自動車電話サービスを開始。1987年に約900gの【B】が発売された。,【A】日本電信電話公社【B】携帯電話,【A】日本移動通信【B】携帯電話,【A】日本電信電話公社【B】ノートパソコン,【A】日本移動通信【B】ノートパソコン,1985年に質量約3kgのショルダーホンが日本電信電話公社から発売。1988年12月にトヨタ自動車系の日本移動通信(IDO、現KDDI)が首都圏と東海地区でNTT大容量方式によるサービス開始。,
移動体通信の第１世代は、第２世代以降の方式とは違い、どのような方式であったか。,アナログ方式,デジタル方式,TDD方式,FDD方式,第２世代以降はデジタル方式。TDD(Time Devision Duplex)、FDD(frequency Devision Duplex)はアップリンクとダウンリンクのデータ送信を時間軸上で占有時間を分けるか、異なる周波数を割り当てるか、に違いがある。,
日本では、NTT/NTTドコモを中心に標準デジタル携帯電話システムとして【A】の開発が進められ、日本における最初のデジタル携帯電話サービスが1993年に東京23区で開始された。,PDC,cdmaOne,TACS,PHS,PDC：Personal Digital Cellular。cdmaOne：2Gにおいて、KDDIが提供していたい通信方式。PDCより通信速度が速かったため、2.5Gとも呼ばれていた。米Qualcomm社がCDMAをベースに開発したデジタル携帯電話の規格。TACS：米Motorolaが開発したアナログ携帯電話システム。PHS：当初のコンセプトとして、アナログコードレス電話の後継として甲斐華されたデジタルコードレス電話システムを活用した通信規格。,
以下【A】にはいる正しい選択肢を選べ。1990年代末には携帯電話サービスの進化は音声からデータ通信分野に移り、1999年には、NTTドコモによる「iモード」を開始し、その後モバイルインターネットサービスは急速に進化していく。データ通信の高速化、通信料金の低廉化のニーズが高まり、対応できるシステムとして、NTTドコモが2001年に世界初の商用サービスとしてスタートした、第【A】世代携帯電話が登場。,3,2,1,4,,
以下【A】【B】にはいる正しい組み合わせを選べ。3Gにおいて、W-CDMAで最高【A】bps、CDMA2000 1Xで【B】bpsという高速パケット通信が実現。,【A】384【B】144,【A】256k【B】500k,【A】384k【B】144k,【A】256【B】500,,
正しい記述を1つ選べ,複数の周波数を束ねて通信速度を向上させる技術をキャリアアグリゲーションと呼ぶ。,100Mbps～1Gbpsの高速通信速度を目指したLTEの次の技術は5Gである。,5Gの商用サービスは4キャリア(NTTドコモ、KDDI、ソフトバンク、楽天モバイル)が2020年3月に開始した。,5Gの商用サービス展開において、コア設備をEPCと組み合わせたSA方式と、5GCを使ったNSA方式と2種類ある。,・100Mbps～1Gbpsの通信速度を目指した、LTEの次の技術はLTE-Advancesである。・5Gの商用サービスは楽天のみ2020年9月にスタート。・5GCを利用したものをSA(Stand Alone)方式、EPCと組み合わせたものをNSA(Non Stand Alone)方式と呼ぶ。,
モバイルWiMAXのサービスを全国展開する日本で唯一の通信事業者は？,UQコミュニケーションズ,Wirelee City Planning,楽天モバイル,ソフトバンク,Wireless City Planning：2.5GHz帯でのXGPを提供している。,
音声通話サービスは、回線交換通信で提供されるのが基本だったが、データ通信サービスと同じパケット通信によるもので提供されるようになった。それがIP電話サービス(IPネットワーク状での音声を伝送する【A】技術を使ったサービス)である。2014年からは移動体通信網においても、【A】技術を利用した音声通話サービスが提供され「IP移動電話サービス」とも呼ばれ、LTEを用いたサービスは【B】と呼ばれている。,【A】VoIP【B】VoLTE,【A】FTTH【B】VoLTE,【A】VoIP【B】FaceTime,【A】FTTH【B】FaceTime,VoIP：Voice  over  IPVoLTE：Voice  over  LTE,
モバイル端末は移動体通信事業者各社からモバイルインターネットサービスを用いて、インターネット接続が可能となる。KDDIからは【A】、ソフトバンクからは【B】という名称で提供されている。,【A】IS NET【B】ウェブ使用料,【A】spモード【B】ウェブ使用料,【A】LTE NET【B】5G NET,【A】spモード【B】LTE NET,NTTドコモ：spモードKDDI：IS NET / LTE NET / 5G NETソフトバンク：ウェブ使用料,
電子メールサービスのメール受信時の概略図(P42、図3-6-1を添付する)を表しているが、受信時の行程を順番に並べろ。A：着信通知 or 本文のみ配信。B：メール問い合わせ。C：本文＋添付ファイル到達。D：本文・添付ファイルDL。,C→A→B→D,A→B→C→D,D→A→B→C,C→A→D→B,,mcpc_rank2_3_42.jpg
迷惑メール対策としての記述について誤っているものをすべて選べ。,2002年に「特定電子メールの送信の適正化等に関する法律」が施行され、事前にメール送信に同意した相手のみ、広告、宣伝等のメールの送信を許可した。,総務省は2008年に「迷惑メールへの対応の在り方に関する研究会」の最終報告をまとめ、その報告に沿って、通信事業者も本格的な対策に乗り出します。,2008年以降の通信事業者の対策は、１：メールアドレス変更の容易化。２：通信事業者側での大量の宛先不明メールの配信ブロック。３：大量発信を行うユーザーとの契約解除可能,通信事業者がユーザーに提供している機能は未承諾広告メール拒否、なりすましメール拒否、指定ドメイン受信/拒否、URL付メール拒否設定などがある。,2002年に「特定電子メールの送信の適正化等に関する法律」を施行し、発信者に連絡先の表示等を義務づけた他、2008年の改正では事前に電子メールの送信に同意した相手に対してのみ、広告、宣伝または勧誘等を目的とした電子メールの送信を許可する方針(オプトイン方式)が導入されました。,
2007年4月1日から、緊急通報(警察、消防等)における位置通知が義務化されておりますが、常に移動している端末の位置を把握するために用いられている方式のうち誤りはどれか？,スマートフォンのAirplaneモードをONにすると、無線アクセスポイント経由で位置情報をサーバーへ共有し、屋内や地下などの基地局やGPSの電波が届かない場所でも位置測定が可能。,GNSSを用いた測位方式は、全地球上の現在位置を測定可能であり、端末の位置情報・高度等が誤差数m～数十m程度となっている。,通信事業者の基地局を利用した測位方式において、測定誤差は500m～3km程度発生する可能性がある。,位置情報を利用したサービスの中には、ユーザ向けのサービスのみならず、統計的な人口分布情報に活用されたりもしている。,位置測位には、基地局を用いる方式、GNSSを用いる方式、無線LANを用いる方式があり、端末をAirplaneモードに設定すると、外部との電波通信をOFFにしてしまうため、測位ができなくなる。,
無線アクセスネットワーク（RAN）とコアネットワーク（CN）関する以下の文において、 【A】に入れるに適切な語句を選択せよ。「RANとCNのインターフェースに新しい機能を導入する際には、従来の機能に対応したモバイル端末も継続して利用できるように 【A】 を維持することが一般的である。」,後方互換性,前方互換性,上位互換性,下位互換性,,
デジタル変調に関する以下の文において、【A】 、【B】 に入れる適切な語句の組み合わせとして正しいものを選択せよ。「デジタル変調の多値数が増えるに従って１シンボル時間で伝送できる情報量は 【A】なり、雑音や干渉の影響による受信時データ判定誤りが 【B】 なる。 」,【A】 大きく【B】発生しやすく,【A】大きく【B】発生しにくく,【A】小さく【B】発生しやすく,【A】小さく【B】発生しにくく,,
OFDM / OFDMAをベースとしたシステムとして、間違っているものを選択せよ,3G（第3世代システム）,無線LANのIEEE 802.11a,LTE,モバイルWiMAX,,
図は各種変調方式の変調シンボル点を位相・振幅平面上に配置したものである。それぞれの伝送情報量[ビット]の組み合わせで正しいものを選択肢より1つ選択せよ。,【A】1【B】2【C】3【D】4【E】8,【A】1【B】2【C】4【D】5【E】8,【A】2【B】4【C】8【D】16【E】16384,【A】2【B】4【C】8【D】16【E】256,,mcpc_rank2_4_45.jpg
図は各種変調方式の変調シンボル点を位相・振幅平面上に配置したものである。それぞれの変調方式の名称の組み合わせで正しいものを選択肢より1つ選択せよ。,【A】BPSK【B】QPSK【C】8PSK【D】16QAM【E】256QAM,【A】PCM【B】BPSK【C】QPSK【D】16QAM【E】256QAM,【A】PCM【B】BPSK【C】16QAM【D】256QAM【E】1024QAM,【A】ASK【B】BPSK【C】QPSK【D】16QAM【E】256QAM,,mcpc_rank2_4_46.jpg
以下は多重化/多元化についての記載である。空欄について正しい組み合わせを選択肢より1つ選択せよ。【A】とは、一つの周波数帯域を複数の帯域に分割し、その中からそれぞれの通信が異なる周波数を占有して利用する方法である。【B】とは、複数の信号を時分割した一つの信号列に伝送する方法である。【C】とは、複数の通信を拡散符号によって区別する技術である。デジタル変調された複数の信号の各々を、互いに異なる（または互いに直交する）拡散符号と呼ばれる特殊なビット列で拡散変調し、周波数方向に薄く広がった電力密度の低い信号を生成した上で、これらを同一の周波数に重ね合わせて伝送する。【D】とは、伝送するデジタルデータを数百～数千という多数の並列低速データに分割し、それぞれの低速データでサブキャリアを変調した上で、データシンボル周期の逆数の整数倍の周波数間隔に配置し、周波数軸上で隣接するサブキャリア同士が重なり合う稠密な配置とデータ伝送の際にそれらが互いに干渉しない直交性を両立して、高い周波数利用効率で高速伝送を実現する技術である。,【A】FDM/FDMA【B】TDM/TDMA【C】CDM/CDMA【D】OFDM/OFDMA,【A】OFDM/OFDMA【B】TDM/TDMA【C】FDM/FDMA【D】CDM/CDMA,【A】OFDM/OFDMA【B】TDM/TDMA【C】CDM/CDMA【D】FDM/FDMA,【A】FDM/FDMA【B】CDM/CDMA【C】TDM/TDMA【D】OFDM/OFDMA,,
以下はOFDM/OFDMAに関する記載である。空欄に正しいものを選択肢より選択せよ。OFDM/OFDMAとは、伝送するデジタルデータを数百～数千という多数の並列低速データに分割し、それぞれの低速データで[     ]を変調した上で、データシンボル周期の逆数の整数倍の周波数間隔に配置し、周波数軸上で隣接するサブキャリア同士が重なり合う稠密な配置とデータ伝送の際にそれらが互いに干渉しない直交性を両立して、高い周波数利用効率で高速伝送を実現する技術である。,サブキャリア,ガードインターバル,チャネル,ボンディング,,
以下はOFDM/OFDMAに関する記載である。空欄に正しいものを選択肢より選択せよ。OFDM/OFDMAの各サブキャリアではシンボル時間の長い信号を使った低速データ伝送となるため、時間軸上の各シンボル間にサイクリック・プリフィクスと呼ばれる干渉低減用信号を挿入するためのガード・インターバルを設けることで、効果的に[      ]の影響を軽減できるという利点がある。,マルチパス,ノイズ,リソースブロック,リソース割り当て,,
移動体通信に利用される周波数帯域について誤ったものを選べ,ローカル5G用として4.7GHz帯と30GHz帯の割り当てが行われている,2GHz帯はITU-Rにおいて初のIMT用の世界共通帯域として合意された周波数帯,携帯電話用の周波数帯としてはUHF帯とSHF帯の一部が使われている,2.4GHz帯はISMバンドの一つで無線LAN等で広く利用されている,ローカル5G用として4.7GHz帯と28GHz帯の割り当てが行われている,
電波の特性について正しい組み合わせを選べ低い周波数の電波は【A】の性質を強く持っており、中波や長波では障害物があっても反射や【B】を繰り返しながら見通し外にある遠距離の場所まで到達可能である。対して、周波数が高くなるほど【C】の性質に近づいて【D】性が高くなり、見通せる範囲外との通信は一般には困難になる。,【A】波【B】回折【C】光【D】直進,【A】波【B】直進【C】光【D】回折,【A】光【B】回折【C】波【D】直進,【A】光【B】直進【C】波【D】回折,低い周波数は波の性質が強く、反射や回折によって障害物があっても電波が届きやすい。対して高い周波数になるほど光の性質に近づき直進性が高くなる。,
第5世代携帯電話システム(5G NR)では、【A】を利用するため、電波の距離による減衰の度合も大きくなるが、多数のアンテナ素子 を利用した 【B】 という技術により安定な高速伝送を実現する。,【A】 高い周波数帯域【B】MIMO,【A】 低い周波数帯域【B】MIMO,【A】 高い周波数帯域【B】SISO,【A】 低い周波数帯域【B】SISO,第5世代携帯電話システム(5G NR)では、広帯域伝送を行うため高い周波数帯域を利用してます。その結果、電波の波長がミリメートル単位となり距離による減衰の度合いも大きくなります。それを補うために多数のアンテナ素子を利用したMIMO伝送が適用され、高い周波数帯においても安定した高速伝送を実現することが可能となります。,
複数のアンテナ間の相対的な信号位相を制御することで、空間の方向によって電波の強さ(アンテナの指向性)を制御する技術のことをなんと言うか？,ビームフォーミング,ハンドオーバー,5Gスタンドアローン,ミリ波,ハンドオーバー：「移動局(携帯端末等)が通信する基地局を移動中に切り替える」のため誤り5Gスタンドアローン：「基地局だけでなく無線を制御するコア設備も含め、5G専用の技術と設備で構成されたネットワークシステム」のことのため誤りミリ波：「周波数が30GHzから300GHzの電磁波」のことのため誤り,
電波を使った通信においては、送信側の送信電力が同一ならば、一般に受信局に近い場所から送信された信号は【A】、遠方からの信号は 【B】 受信される。このように、送信地点からの距離の遠近によって受付される電波の強度に差が発生することを 【C】 と呼ぶ。,【A】 強く【B】弱く【C】遠近問題,【A】 弱く【B】強く【C】遠近問題,【A】 強く【B】弱く【C】マルチパスフェージング,【A】 弱く【B】強く【C】マルチパスフェージング,電波を使った通信においては、一般に受信局が送信局に近い方が受信する信号が強く、遠方の方が弱くなります。このような基地局からの距離の違いによって受信電波強度に差が発生することが遠近問題です。,
携帯電話システムで1つの基地局がカバーするエリアを【A】と呼びます。【A】の半径は一般に【B】で、これを細胞のように面的に隣接するように配置して携帯電話のサービスエリアを構成します。多数の【A】でサービスエリアを構築するこの方法を【C】と呼びます。,【A】セル【B】数100m～数km程度【C】セルラー方式,【A】セル【B】数100km～数1000km程度【C】セルラー方式,【A】セクタ【B】数100m～数km程度【C】セクター方式,【A】セクタ【B】数100km～数1000km程度【C】セクター方式,,
RANをセクタ化をするためには、使用する機器は何か正しいものを選べ。,指向性アンテナ,無指向性アンテナ,RU,Open-RAN,セクタ化を実施する場合には、指向性アンテナが使用されます。RUはRadio Unitの略でアンテナ、送信増幅器、受信増幅器、変復調部の無線処理系のセットを指します。Open-RANはRUとCU/DU間の規格になります。,
以下の図は、基地局装置とアンテナの構成の例である。【A】～【C】について正しい語句の組合せを選べ。,【A】コアネットワーク【B】CU/DU【C】RU,【A】セントラルネットワーク【B】CU/DU【C】RU,【A】コアネットワーク【B】RU【C】CU/DU,【A】セントラルネットワーク【B】RU【C】CU/DU,RU（Radio Unit）は、アンテナ、送信増幅器、受信増幅器、無線処理を指します。CU/DU（Central Unit/Distributed Unit）は、ベースバンド処理と制御を指します。CNはコアネットワークになります。,mcpc_rank2_4_57.jpg
通信中に端末がセルを跨って移動する際に、接続する基地局を自動的に切り替えて通信を維持する作業を【A】という。周辺の複数の基地局の電波を測定して結果を基地局側に報告し、基地局側が隣接の基地局への切り替えが必要と判断したときに端末に指示を送って回線を切り替える【B】と呼ぶ方式が主流である。,【A】ハンドオーバー【B】端末アシスト型,【A】ハンドオーバー【B】ネットワークアシスト型,【A】位置登録【B】ネットワークアシスト型,【A】位置登録【B】端末アシスト型,,
日本初の第１世代の携帯電話システムは、電々公社(当時)によって1979年に【A】方式と呼ぶ方式が導入された。FDM/FDMAに【B】変調を適用した音声通信を主体とする方式である。第２世代システムは、1993年に【C】によって導入された【D】である。加入者容量増のために高効率のデジタル音声符号化とデジタル変調を採用したTDM/TDMAのシステムである。,【A】NTT【B】アナログ【C】NTTドコモ【Ｄ】PDC(Personal Digital Cellular),【A】NTT【B】アナログ【C】IDO(現KDDI)【Ｄ】IS-95(cdma One),【A】IDO(現KDDI)【B】アナログ【C】NTTドコモ【Ｄ】GSM(Global System for Mobile Communications),【A】NTT【B】デジタル【C】IDO(現KDDI)【Ｄ】PDC(Personal Digital Cellular),日本初の第１世代の携帯電話システムは、電々公社(当時)によって1979年にNTT方式と呼ぶ方式が導入されました。FDM/FDMAにアナログ変調を適用した音声通信を主体とする方式です。第２世代システムは、1993年にNTTドコモによって導入されたPDC(Personal Digital Cellular)です。加入者容量増のために高効率のデジタル音声符号化とデジタル変調を採用したTDM/TDMAのシステムです。,
IMTファミリーの記載（表4－6－1）として正しいものを選べ,【A】W-CDMA、【B】3GPP、【C】LTE-Advanced,【A】cdma One、【B】3GPP2、【C】LTE-Advanced,【A】W-CDMA、【B】3GPP2、【C】LTE-Advanced,【A】W-CDMA、【B】3GPP、【C】IMT-Advanced,,mcpc_rank2_4_60.jpg
5G NRの展開の記述として正しいものを選べ。「5G NRの展開にあたっては、既に広く展開されている第４世代携帯電話システム用の【A】に収容する構成が用意されている。5G NRで広帯域な伝送が可能な【B】周波数帯を利用してユーザデータの高速伝送を行いつつ、モバイル端末との通信を維持・管理するための制御情報などはLTE基地局経由の【C】周波数帯を使った通信で効率的にやりとりする構成で、【D】と呼ぶ。【D】ではLTE用の【A】で提供していない５G用の一部の機能の制約などにより、５Gすべての利用シーンに対応できない場合がある。」,【A】CN【B】高い【C】低い【D】NSA構成,【A】CN【B】低い【C】高い【D】NSA構成,【A】CN【B】高い【C】低い【D】SA構成,【A】RAN【B】高い【C】低い【D】NSA構成,,
ローカル５Gの説明について誤ったものを選べ,無線LANと同様に、無線局免許申請せずに利用が可能,使用用途に応じて必要な性能を柔軟に設定して5Gシステムを独自に構築することが可能,地域の企業や自治体等が所有している建物や敷地内でスポット的に5GNRを構築し利用できる枠組み,2020年12月には28GHz帯と4.7GHz帯で帯域追加が行われ、SA構成による運用も可能になった,無線LANと比較して、無線局免許に基づく安定した通信が可能,
初期の携帯電話の回線交換コアネットワークに導入された加入者の正当性を認証するためのデータベースをなんと言うか。,HLR,SMS,IMS,MSC,,
IMSに関する記述について、【A】【B】に当てはまる記述で正しい組み合わせを選べ。IMSはIPパケット通信によってリアルタイム性の高いサービスを含むマルチメディアサービスを提供するための基盤となる処理装置群である。通信制御のためのプロトコルとしては【A】が使用される。またVoLTEはLTEネットワーク上でIMS技術を活用し回線交換コアネットワークと同等の電話サービスを提供するための技術である。VoLTEでは3Gに比べて更に【B】の音声通話が実現されている。,【A】Diameter【B】高品質,【A】SIP【B】高品質,【A】Diameter【B】低データレート,【A】SIP【B】低データレート,,
5GCは【A】と呼ばれる構成を取り、制御系の各機能には共に共通のプロトコル【B】でアクセス可能。,【A】SBA【B】HTTP2,【A】EPC【B】HTTP2,【A】EPC【B】GTP,【A】SBA【B】GTP,EPC：4G時代のコア装置。,
5GCのNetwork FunctionにおいてEPCにおけるHSSと同等の機能を有するものを選べ,UDM,NEF,MME,UPF,NEF：Network Exposure Function。3rdPartyへのコアネットワーク機能の提供MME：Mobility Management Entity。移動管理ｍeNB、S-GWへの通信経路の設定。UPF：User Plane Function。パケット転送、IPアドレス割り当て。。,
5GスタンドアローンでIMSに接続して音声サービスを利用するための技術の略称を選べ,VoNR,VoSA,VoLTE,Vo5G,VoNR=Voice over new radio,
NPN(Non Public Network)においては2つのアーキテクチャが規定されている。それは【A】-NPNとSNPN(Standalone)である。【A】-NPNにおいては同一ネットワーク内でアクセス制御をするために【B】-IDをネットワークと端末で共有し閉域ネットワークを実現する。,【A】PNI(Public Network Integrated)【B】NI,【A】PNI(Public Network Integrated)【B】CAG,【A】NSA(non-standalone)【B】NI,【A】NSA(non-standalone)【B】CAG,,
5GCの各NetworkFunction及びOAMからのデータ収集、データ解析を行うための機能として規定されているものは。,NWDAF,NRF,NSSF,NEF,NWDAF：Network Data analytic Function。NEF：Network Exposure Function。3rdPartyへのコアネットワーク機能の提供NSSF：Network Slice Selection Function。端末に提供するネットワークスライスの選択。NRF：Network Repository Function。各機能へ接続するためのDNS機能。,
LTE通信サービスにおいて、端末の電源を入れてから落とすまでの間にネットワークとの間で行われる手続きの中で誤りを1つ選べ。,回線契約,認証,アタッチ,デタッチ,,
アタッチ後もベアラが維持されている間は、端末、外部ネットワーク側双方からそのままデータ通信を開始できます。無通信状態が一定時間続くと、無線周波数の効率利用のために無線区間と一部のコア区間のベアラは一旦解放されますが、S-GWとP-GW間のベアラ、端末に割り当てられたIPアドレスの管理は引き続き維持されます。これを【A】といいます。,Always ON,Registration,PDNセッション,PGW selection,,
日本国内のナンバーポータビリティにおいて、相手側に着信させるために使用されている方式は次のうちどれか。,リダイレクション方式,DNS参照方式,データベース方式,転送方式,,
NFVによる仮想化の特徴として、リソースの柔軟な増減【A】と、ハードウエア故障時の仮想マシンの移動・再作成の復旧措置【B】が可能。これまではサービスによっては専用ハードウェアが必要となることがあったが、仮想化においては安価で汎用的なサーバー上に通信ソフトウエアを立ち上げる手続き【C 】によって、新たなハードウェアを必要とせつ、迅速なサービス提供が可能となる。,【A】スケーリング【B】ヒーリング【C】インスタンシエーション,【A】サイジング【B】リカバリング【C】ビルディング,【A】サイジング【B】ヒーリング【C】インスタンシエーション,【A】スケーリング【B】リカバリング【C】ビルディング,,
SDNではスイッチやルーターのデータ転送機能(D-plane)と経路計算機能(C-plane)に関してC-plane機能をSDNコントローラに集約する【A】と、SDNコントローラから転送ポリシーを各機器に設定してその後の計算は各機器側に分散する【B】がある。,【A】集中制御型SDN【B】ハイブリット制御型SDN,【A】集中制御型SDN【B】分散制御型SDN,【A】統合制御型SDN【B】分散制御型SDN,【A】統合制御型SDN【B】ハイブリット制御型SDN,,
ネットワークを介して複数のコンピュータ間でデータのやり取りを行うため、様々な事項を細かく取り決めている。この取り決めを【A】という。【B】はインターネットやLANで使われるコンピュータ間の標準的な【A】である。,【A】通信プロトコル【B】TCP/IP,【A】OSI参照モデル【B】HTTP,【A】通信プロトコル【B】HTTP,【A】OSI参照モデル【B】TCP/IP,,
ISO（国際標準化機構）は、異機種間のデータ通信を実現するため【A】を定め、役割ごとに【B】つの階層を定義した,【A】OSI参照モデル【B】７,【A】ルーティング【B】4,【A】ルーティング【B】7,【A】OSI参照モデル【B】4,,
【A】ハブは送られてきたフレームを単に中継して全ポートに送り出すのに対し、【B】ハブでは宛先のPCが接続されているポートのみにフレームを送る,【A】スイッチング【B】リピータ,【A】リピータ【B】スイッチング,【A】ルーティング【B】リピータ,【A】スイッチイング【B】ルーティング,,
イーサネットの「フレーム」宛て名に使われている【A】は、【B】ビットの２進数で記述されている。,【A】MACアドレス【B】48,【A】MACアドレス【B】24,【A】TCP/IP【B】48,【A】IPv4【B】24,,
IPv4アドレスとして正しく表記されているのはどれか,172.128.255.7,2.11.128.256,220.18.310.45,00:30:65:BA:E9:C2,,
IPアドレスの割り当てには「クラス」の概念が設けられ、A B C が用いられている。クラスBはネットワークアドレスに【A】ビット、ホストアドレスに【B】を割り振り、コンピュータを【C】台接続できる,【A】16【B】16【C】65534,【A】8【B】24【C】65534,【A】16【B】16【C】254,【A】24【B】8【C】254,,
LANに接続されているコンピュータにIPアドレスを設定するには、固定的に設定する方法のほか、動的に行う仕組みがありこの仕組みが【A】である,DHCP,HTTP,コリジョン,ブロードキャスト,,
IPv6の普及に伴い、従来のPPPoEに替わる新しいブロードバンドインターネット接続方式として利用が増えているのが【A】である,IPoE,IPv4,IPSec,IrDA,,
コンピュータが送出するIPパケットの、あて先 IPアドレスが同一ネットワークアドレスにある場合、直接コンピュータにIPパケットを送出する。これを 直接 【A】 と呼ぶ。 一方、異なるネットワークアドレスの場合は、そのコンピュータが 接続されているネットワークの 【B】 (デフォルトゲートウェイ )にIPパケットを送る。 【B】 は宛て先アドレスを読み取り、 【B】 に直接接続されている別サブネットの中を探し、見つかればIPパケットを送出する。もし見つからない場合は、宛て先のコンピュータに近い【B】にIPパケットを送出する。これを繰り返すことで、IPパケットが宛て先に届く。 これを 【A】 呼ぶ。,【A】DNS【B】ハブ (スイッチングハブ ),【A】ルーティング【B】ハブ (スイッチングハブ ),【A】DNS【B】ルーター,【A】ルーティング【B】ルーター,,
データグラムのヘッダには、送信元ポート番号と宛先ポート番号を指定するフィールドがある。ポート番号はデータの受け渡しを行う仮想的な出入口で、0番から【A】番まである。,65535,1023,49151,256,,
VoIPで用いられるアプリケーション層のプロトコルには、電話やビデオ会議の開始から切断までの手順を定めた呼制御プロトコルがある。呼制御プロトコルの国際標準としては、1996年に最初に標準化された【A】や、1999年標準化されWebとの親和性の高い【B】が主力である。,【A】H.323【B】SIP,【A】H.264【B】JPG,【A】AAC【B】WWW,【A】MPEG-2【B】MPEG-4,,
映像配信プロトコルの１つであるRTSPの特徴として誤っているのはどれか,再生・停止・一時停止・記録等の操作は不可能,主にPC等の端末からマルチメディアサデータを管理するサーバを遠隔操作する,トランスポート層としてUDPまたはTCPどちらも実装可能,ライブ放送の受信の操作も可能,,
情報処理端末には２つに折り畳んだ状態で持ち運べる「ノートPC」や、平板状でディスプレイ上を指やタッチペンで入力操作を行う【A】がある,タブレット端末,フィーチャーフォン,デジタルフォトフレーム,携帯音楽プレーヤー,,
無線LAN機能を内臓するPCやタブレット端末を、移動体通信事業者の無線通信ネットワークに接続するためのモバイル接続機器も用いられている。PCとの間を無線LAN接続するもので【A】と呼ばれている,モバイルワイヤレスルータ,フィーチャーフォン,電子書籍端末,モデム,,
モバイル端末は消費電力を抑える工夫がなされている。送信時には基地局に近い位置にいる携帯電話の【A】を低減する「【A】制御」を行っている,送信電力,受信電力,制御電力,待機電力,,
モバイル端末の消費電力を抑える工夫について、誤っているものを１つ選べ,データ通信モードでは、送受信データがないときでも電波を常に送受し接続を維持している,送信時には基地局に近い位置にいる携帯電話の送信電力を低減する送信電力制御を行う,圏外に出たときは、基地局のキャリアを探す動作の間隔を延ばす制御をしている,受信時は間欠受信により、待ち受け時の消費電力を低減している,,
データ通信モードの省電力技術として、送受信データがないときには電波を送受しないようにしている。これを【A】またはプリザベーションと呼ばれている,ドーマント,ディセーブル,待ち受け,コンサベーション,,
情報処理端末の省電力技術で誤っているものを１つ選べ,CPUの動作周波数を上げる,ディスプレイを閉じたとき、バックライトを消灯する,液晶ディスプレイのバックライトの輝度を下げるか一定時間後に消灯,ハードディスクの回転を止める,,
モバイル端末を構成するプロセッサについての説明で、誤っているものを１つ選べ,マルチコアプロセッサはコア数が多くなるほど処理能力が低下する,略号でCPUと呼ばれる,CISC型はプロセッサパワーが要求される,RISC型は小型化と低消費電力の実現に向き小さな機器向けの主流となっている,,
モバイル端末向けプロセッサの主流であるRISC型に関する記述で、誤っているものを１つ選べ,複数の処理機構を順番に実行して動く非パイプライン処理をベースにしている,単純な命令を高速に繰り返して実行する,複雑な機構を持たず小型化と低消費電力に向いている,小さな機器向けの主流となっている,,
モバイル端末の何のデバイスについて説明しているか選べ。一つのシリコン基盤上に、CPUやGPU、DSPや通信モデムなどのユニットを一つにまとめたシステムのこと,システムオンチップ（SoC）,ベースバンドチップ,アプリケーションチップ,ワンユニット,ベースバンドチップ：小型の汎用プロセッサと通信制御回路を一体化されているもの。携帯電話に利用されている。アプリケーションチップ：音声や動画などの大容量マルチメディアデータの処理やゲームなどの処理速度を著しく向上されるもの。,
次世代のディスプレイとして【A】がある。これは液晶ディスプレイと違いバックライトが不要で薄くすることができる。発光寿命は改善されてきている。,有機EL,LCD,IPS,LED,,
タッチパネルの説明で、誤っているものを１つ選べ,ほとんどのスマートフォンやタブレットには感圧式が採用されている,指やタッチペンで画面にタッチすることで文字入力や画面スクロールなどができる,表示装置であるディスプレイを入力装置としても使えるようにした,静電容量方式は画面をなぞるスワイプや指先ではじくフリックなど多彩な入力方法が可能となっている,ほとんどのスマートフォンやタブレットは静電容量式を採用している。,
メモリには複数の種類がある。一度データを書き込むと電源が切れない限り記憶し続け、読み出しと書き込みが非常に高速にできるのが【A】。,SRAM,DRAM,ROM,SSD,DRAM(Dynamic Random Access Memory)：揮発メモリ。メモリセルがコンデンサ1個とトランジスタ1個でできているメモリ。高集積化が可能だが、電化を維持するためにリフレッシュ動作が定期的に必要。ROM(Read Only Memory)：読み出し専用で不揮発性のメモリSSD(Solid State Drive)：フラッシュメモリを活用したメモリドライブ。HDDのようなモーター駆動による可動部がないので、省電力と耐衝撃性に優れている。,
メモリには複数の種類がある。揮発メモリとも呼ばれ、高集積化が可能だがコンデンサに蓄えられた電荷を維持するためのリフレッシュ動作を定期的に行う必要があるのが【A】。,DRAM,SRAM,ROM,SSD,DRAM(Dynamic Random Access Memory)：揮発メモリ。メモリセルがコンデンサ1個とトランジスタ1個でできているメモリ。高集積化が可能だが、電化を維持するためにリフレッシュ動作が定期的に必要。ROM(Read Only Memory)：読み出し専用で不揮発性のメモリSSD(Solid State Drive)：フラッシュメモリを活用したメモリドライブ。HDDのようなモーター駆動による可動部がないので、省電力と耐衝撃性に優れている。,
電波を送受信するためのアンテナについて説明で、誤っているものを１つ選べ,周波数が高くなるほどアンテナ長は長くなる,線状導体の場合、波長の半分の長さが最も効率よく送受信できる,5G(第5世代)には、アンテナをICパッケージの上に設置するAiP(Antena in Package)技術が採用されている,ミリ波帯の5Gでは、アンテナとフロントエンドモジュール(FEM)を一体化している,アンテナは、波長の長さに比例するので、周波数が高くなると、波長は短くなるため、アンテナ長も短くなる。C＝fλ (C：光速、f：周波数、λ：波長),
モバイル機器に搭載されている現在主流となっているリチウムイオン電池の特徴で正しいものを選べ,メモリ効果がほとんどなく、自己放電率も低い（月5%程度）,メモリ効果があり、自己放電率も大きい,同一容量のバッテリーと比較すると重くなりがち,エネルギー密度はあまり高くない,,
モバイル端末の撮像素子の説明で、空欄を埋めよ【A】イメージセンサは構造が複雑で消費電力が多いが、感度が高く画像が高品質のため【B】に多く採用されている。【C】イメージセンサは【A】イメージセンサの10分の1程度の消費電力で作動し、集積度を高め小型化が可能で【D】に採用されている。,【A】CCD【B】デジタルカメラ【C】CMOS【D】モバイル端末,【A】CCD【B】モバイル端末【C】CMOS【D】デジタルカメラ,【A】CMOS【B】デジタルカメラ【C】CCD【D】モバイル端末,【A】CMOS【B】モバイル端末【C】CCD【D】デジタルカメラ,,
スマートフォン/フィーチャーフォンは、マイクとスピーカを搭載している。マイクの音声信号は【A】でデジタル化されて、伝送される。,A/D変換器,D/A変換器,QRコード,OCRソフト,,
近年、契約情報を記録したSIMカードに代わり、【A】カードはあらかじめ端末に内臓され、ネットワーク経由で遠隔で書き込みが可能である。,eSIM,SDHC,コンパクトフラッシュ(CF),CCD,,
デュアルSIMの４つの動作の違いを説明している。それぞれの方式を選べ。１.両方のSIMで同時待ち受け/通信ができず、手動で切替が必要【A】２.両方のSIMで同時待ち受けができ、発信やデータ通信は片方のSIMだけ【B】３.両方のSIMで同時待ち受けと、同時通信（発信およびデータ通信）が可能【C】４.両方のSIMで同時待ち受けができ、通話は片方のSIMだけ【D】,【A】DSSS【B】DSDS【C】DSDA【D】DSDV,【A】DSDS【B】DSSS【C】DSDV【D】DSDA,【A】DSDV【B】DSDA【C】DSDS【D】DSSS,【A】DSDA【B】DSDV【C】DSSS【D】DSDS,,
無線タグは情報を記憶したチップで、電池を持たない【A】と、電池を持つ【B】があり、使用する周波数も種々ある。現在注目されているのは、電池が不要で半永久的に使える【A】である。,【A】パッシブ型【B】アクティブ型,【A】アクティブ型【B】パッシブ型,【A】アクティブ型【B】スティック型,【A】パッシブ型【B】スティック型,,
Bluetooth規格は免許のいらない【A】GHz帯の電波を利用し、【B】m程度の範囲で機器を接続する,【A】2.4【B】10,【A】5【B】10,【A】2.4【B】50,【A】5【B】50,,
無線LAN接続には対向相手として【A】と呼ばれる装置が必要。【A】は無線LAN機器からの電波と、有線LAN網との橋渡しを行う。,アクセスポイント,ハブ,子機,外部インターフェース,,
無線LAN機器メーカは法律の定めにより、【A】または工事設計の認証を取得し、前者では【B】を、後者では認証番号をラベルに表示する義務がある。,【A】技術適合認定【B】技適番号,【A】技術適合認定【B】申請番号,【A】無線局免許【B】技適番号,【A】無線局免許【B】申請番号,,
無線LANは、【A】に基づく製品から普及が開始したが、2.4GHz帯のISM帯を使用し無線機器等との電波干渉の可能性がある。,IEEE802.11b,IEEE802.11a,IEEE802.11g,IEEE802.11n,,
無線LANの規格「IEEE802.11a」は、周波数5GHz帯、最大伝送速度は【A】である,54Mbps,11Mbps,600kbps,4Gbps,,
2.4GHz帯（ISM帯）を使用した無線LAN IEEE802.11bは最大伝送速度11Mbpsで普及が始まり、2003年に高速通信技術【A】により、54MbpsのIEEE【B】が策定され、後方互換性があり急速に普及した。,【A】OFDM【B】802.11g,【A】FDM【B】802.11a,【A】TDM【B】802.11g,【A】OFDM【B】802.11a,,
下記はIEEE802.11nについて説明している。空欄を埋めよ。2009年に策定された。OFDM、デュアルチャンネル通信技術、複数のアンテナを使う【A】という技術を使用し、規格上最大伝送速度600Mbpsを実現した。さらに2012年、最大4ストリームだった【A】を最大8ストリームに増やし、帯域は160MHz(468サブキャリア)が追加規定され、さらにMulti User MIMOが追加規定され、規格上の最大伝送速度は【B】Gbpsを達成した。,【A】MIMO【B】6.93,【A】MVNO【B】2.4,【A】MPLS【B】6.93,【A】MIMO【B】2.4,,
下記はIEEE802.11ahについて説明している。空欄を埋めよ。2017年、【A】に向けて制定された。伝送速度は最大で【B】、低速モードで150kbps、到達距離は1km。,【A】IoTデバイス【B】4Mbps,【A】モバイルルータ【B】11Mbps,【A】IoTデバイス【B】11Mbps,【A】モバイルルータ【B】4Mbps,,
無線LANは2013年、ミリ波帯の【A】GHz帯を利用するIEEE802.11adが制定された。１チャネル当たり2.16GHzの帯域幅が４チャネルまで利用可能で最大【B】Gbpsの伝送速度を実現した。,【A】60【B】6.75,【A】54【B】6.75,【A】60【B】2.4,【A】54【B】2.4,,
無線LAN規格で、2019年に2.4Gと5G 最大データレート9.63GbpsのIEEE【A】が制定された。IEEE802.11acからの主な改善点は【B】変調方式の追加により通信速度が向上した,【A】802.11ax【B】1024QAM,【A】802.11b【B】256QAM,【A】802.11g【B】MIMO,【A】802.11n【B】WEP,,
無線LANを設計・製造する企業が業界団体 Wi-Fi Alliance を立ち上げ互換性検証テストにパスした製品にWi-Fi認証ロゴを貼ることとし、802.11axには【A】の認証ロゴを商標登録した,Wi-Fi6,Wi-Fi2,Wi-Fi4,Wi-Fi802,,
無線LAN IEEE802.11a/b/g/n/acではWEPによる暗号化が規定されている。当初は40/64ビットの秘密鍵で長さが短いため、【A】ビットの鍵が追加された,128,32,64,256,,
無線LAN IEEE802.11a/b/g/n/acではWEPによる暗号化が規定されている。より安全度の高い暗号化として【A】を発表し、多くの機器で対応している,WPA,Wi-Fi Direct,Wi-Fi6,IoT,,
無線通信規格 IEEE802.16 は2001年に規格制定され、WiMAX Forumtという業界団体が設立され普及促進を図った。2006年に移動して使えるIEEE【A】が制定され、日本ではUQコミュニケーションズによってサービス提供された。,802.16e,802.16a,802.16b,802.16g,,
Bluetoothは2.4GHz帯（ISMバンド）を利用し、変復調は【A】方式が採用された,周波数ホッピング・スペクトラム拡散（FHSS）,パルス符号変調（PCM）,直角位相振幅変調（QAM）,四位相偏移変調（QPSK）,,
Bluetoothの基本モードでは、2402MHz～2480MHzまで1MHz間隔で79チャネルを定め、１秒間に【A】回の頻度でチャネルを切り替える。,1600,400,160,80,,
Bluetooth機器はすべて【A】ビットの固有IDを持つ,48,16,32,64,,
NFCは【A】帯の電波を使用し、通信距離は最大10cm程度で、【B】カードと呼ばれている。実用例として、交通系ICカードのFelicaがある。,【A】13.56MHz【B】非接触,【A】13.56MHz【B】接触,【A】2.4GHz【B】非接触,【A】2.4GHz【B】接触,,
スキャナの品質は1インチに入る【A】（dpi）を単位とした解像度が指標となる。スキャナは【B】センサで読み取るため最大画素数が決まってくる。,【A】ドット数【B】CCDイメージ,【A】ドット数【B】地磁気,【A】ビット数【B】地磁気,【A】ビット数【B】CCDイメージ,,
ネットワークの種類である【A】は、光ファイバで伝送速度100Mbpsを出す規格で、ANSIおよびISOにも採択されている。アクセス制御にトークンパッシング方式を採用している。接続トポロジは【B】型を主に使うが、スター型による接続も可能である。,【A】FDDI【B】リング,【A】ADSL【B】リング,【A】FDDI【B】バス,【A】ADSL【B】バス,,
二次元(QR)コードの特徴として誤った説明はどれか,従来のバーコードよりも印刷面積が格段に大きい,エラー訂正アルゴリズムにより傷や汚れに強い,360度どの角度からでも読み取れる,最大16個を連結して１つの情報として認識させることが可能,,
コンピュータのソフトウェアはオペレーティングシステム（Operating System:OS）と【A】で構成されている,アプリケーションソフトウェア,ミドルソフトウェア,CPU,API,,
アプリケーションは、OSが提供する【A】を呼び出し、それらを組み合わせた【B】を作成することで目的とする作業を可能とする,【A】システム制御【B】ユーザプログラム,【A】システム制御【B】タスク,【A】API【B】ユーザプログラム,【A】API【B】タスク,,
プログラムとデータは【A】から【B】に読み込まれ、それをプロセッサが、プログラムされた手順に従って処理を行う。【A】としては、PCの場合はハードディスクまたはSSD、スマートフォンの場合はフラッシュメモリが使用される。,【A】主記憶装置【B】二次記憶装置,【A】主記憶装置【B】CPU,【A】二次記憶装置【B】CPU,【A】二次記憶装置【B】主記憶装置,,
ユーザが機器を使用する際の操作体系をユーザーインターフェイス（UI：User Interface）と言います。モバイル端末の場合だと画面の表示を見ながら数字キーでデータを入力するが、このような画面対話形式の操作体系を【A】という,GUI,CUI,CPU,API,,
プロセッサやOSの違いを吸収してくれるソフトウェアを設けて、機種間の違いを吸収する仕組みを【A】という,仮想化,仮設化,現実化,ミドル化,,
Microsoft社のWindows１０からPC、スマートフォン、IoT機器間での共通アプリケーションが動作する【A】と呼ばれる実行環境が実装されている。【A】が提供するAPIを使用して開発されたアプリは動作する機器の解像度に合わせて画面レイアウトを自動変更する仕組みをサポートしている。,Universal Windows Platform（UWP）,Windows Subsystem for Linux(WSL),Tablet Mode,Advanced Configuration and Power Interface(ACPI)　,,
図に示したCPUコアの技術について正しいものを選べ,ターボ・ブースト・テクノロジー,ACPI,UWP,ハイパースレッディング・テクノロジー,,mcpc_rank2_9_134.jpg
Android10.0以降のOSでは５G通信速度を活かしたアプリケーションを大画面端末で楽しめるような機能がサポートされているが、選択肢から不適切なものを一つ選択せよ,アプリごとの動作特性に応じたネットワーク品質を確保する機能,端末が通信速度を推定してアプリに提供する機能　,端末が従量制かどうかとネットワーク情報をアプリに提供する機能,画面の開閉により生じる表示の違いをシームレスに切り替える機能,,
iOSの５G機能では【A】を設定することで、高速性と消費電力を両立するスマートデータ機能が有効になる。,5Gオート,LTEオンリー,5Gオンリー,LTEオート,,
音声や画像を送受信する場合には文字のような単純なコード化ができないため、デジタル化を行い伝送を行う。その際にデータ量を圧縮することを【A】、伸長することを【B】と呼ぶ。,【A】エンコード【B】デコード,【A】デコード【B】エンコード,【A】コーディング【B】デコード,【A】エンコード【B】コーディング,,
アナログ信号のデジタル化に関する図に当てはまる語句を選べ,【A】標本化【B】量子化【C】符号化,【A】量子化【B】標本化【C】符号化,【A】標本化【B】符号化【C】量子化,【A】量子化【B】符号化【C】標本化,,mcpc_rank2_9_138.jpg
音声データの圧縮フォーマットで適切でないものを選べ,TIFF,MP3,AMR,WMA,,
非可逆性を持つ静止画像の圧縮フォーマットを選べ,JPEG,PNG,TIFF,GIF,,
ソフトウェアの高機能化や大規模化により開発量も大きくなり、不具合の発生が利用者から懸念されるようになった。そこでスマートフォンやフィーチャーフォンでは端末内にあるソフトウェアを無線ネットワーク経由でアップデートする【A】機能が用意されるようになった。,OTA,LAN,RAN,VPN,,
モバイル端末を用いたデータ通信では、移動体通信事業者が提供するモバイルネットワークを経由して、モバイルインターネットサービスが提供される【A】へ接続する,事業者網,インターネット,5G,LTE,,
モバイルインターネット接続を行うには、モバイル端末はモバイルネットワークを用いて、移動体通信事業者などの事業者網にあるアクセスポイントへ接続する。この接続先のアクセスポイントは【A】を用いて指定される。,APN,VPN,ISP,LTE,,
モバイル接続機器として適切では無いものを選べ,情報処理端末,データ通信モジュール,モバイルワイヤレスルータ,データ通信カード,,
モバイル端末が利用するプロトコルスタックに関する図にあてはまるものを選べ,【A】無線インターフェイス【B】有線インターフェイス,【A】Wi－Fiインターフェイス【B】有線インターフェイス,【A】無線インターフェイス【B】Ethernet,【A】Wi－Fiインターフェイス【B】Ethernet,,mcpc_rank2_10_145.jpg
AP(アクセスポント)の接続タイプに関する図において、あてはまるものを選べ,ブリッジタイプ,ルータタイプ,ブロードバンドタイプ,スイッチタイプ,,mcpc_rank2_10_146.jpg
サーバとクライアントがハイパーテキストを受信する為のプロトコルとして適切なものを選べ,HTTP,HTML,UDP,TCP,,
HTMLやXHTMLなどを標準化をしている団体を選べ,W3C,ETSI,3GPP,ARIB,,
説明文と合致する技術を選べ。ハードウェアやインフラを主にインターネット経由で提供するサービスで、クラウドコンピューティングの初期にはHaaS（Hardware as a Service）とも呼ばれていた。AWS（Amazon Web Service）やGCP（Google Cloud Platform）などが代表的なサービスである,IaaS,SaaS,DaaS,PaaS,,
静止画やアプリケーション、電子書籍、音楽、動画等をインターネット経由で配信する際に、使用許諾契約を無視して複製や配信を防ぐ為の技術やシステムの総称を【A】という,DRM,OMA,NFT,暗号化,,
OMA（Open Mobile Alliance）が標準化を進めているOMA DRMのうち適切で無いものを選べ,FairPlay,Forward Lock,Combined Delivery,Separate Delivery,,
モバイルコンテンツの課金方法の「料金回収代行」についての図において適切なものを選べ,【A】情報提供【B】情報料の支払【C】手数料,【A】手数料【B】情報料の支払【C】情報提供,【A】情報提供【B】手数料【C】情報料の支払,【A】手数料【B】情報料の支払【C】情報提供,,mcpc_rank2_11_152.jpg
スマートフォンのアプリケーション開発環境は、使用されるOSによって異なります。Androidのアプリケーション開発にはエミュレーション機能やデバック機能がある【A】を使用して開発が行われ、開発言語はJava SEやKotlinが用いられます。IPhoneのアプリケーション開発には【B】を使用して開発が行われ、開発言語にはSwiftやObjective-Cが用いられます。,【A】Android Studio【B】Xcode,【A】Xcode【B】Eclipse,【A】Xcode【B】Android Studio,【A】Android Studio【B】Eclipse,,
Androidは複数の端末メーカーが端末を提供しているため、各メーカーごとに仕様や性能が異なり、同じAndroidでもアプリケーションが動作しない（フラグメント：断片化）ことが起こります。そのようなことを最低限保証するために、Googleは端末仕様と実装のルールをAndroid【A】として策定して、このルールに適合しているのかの試験をCTS（Compatiblity Test Suite）として公開している。,CDD,Sheet,Play,Store,,
アプリケーションの実行時に動的に確保するメモリ領域をヒープメモリと呼ぶ。端末に搭載されるヒープメモリは有限のため、常に最小限の割り当てで利用する必要がある。使用済みのメモリ領域を解放する処理を行わないと【A】状態になり。システムに悪影響を与える可能性がある。,メモリリーク,ガベージコレクション,Idle,スタック,,
以下の説明文と適切なものを選べ。OSやシステムデータ、プリインストールアプリが保存される領域。OS領域とも呼ばれる,システム領域,アプリ領域,ストレージ領域,メモリ領域,,
XR に関して不適切な記述を、一つ選べ, AR では、VR で作り出された仮想現実物体と、現実世界をベースにしている MR の拡張現実空間の双方が混ざった空間を作り出す, VR の技術を用いると、ヘッドマウントディスプレイ（HMD）に仮想空間の 映像を映し出す事で、新たに作り出した仮想空間の中に自身がいるような体験 ができる。,VR は、建設現場の重機操作の事前トレーニング、危険な場所での作業事前体験、災害時の避難トレーニングなどの事例で活用されている。,AR の技術を用いると、インテリアや家具を購入する前に、自分の部屋の目的の 場所へ仮想的に重ねて表示を行い、空間との相性を事前に確認できるように なる。,,
Web３の特徴として当てはまらないものを選べ,情報の中央集権,DAO（Decentralized Autonomous Organization）とDeFi（Decentralized Finance）の実現,情報のトラストレス,NFTを用いた情報の資産化,,
２４ビットカラーの静止画では合計何色の色を表現可能か,16777216色,4096色,65536色,262144色,,
NFT(Non-FungibleToken)についての記述で不適切なものを選べ,イーサリアムのブロックチェーンでは、トランザクションには手数料がかからないが、ミントする場合には手数料(ガス代)がかかる,NFTはデジタルコンテンツの制作者により発行される、本物か否かを特定する技術である,ブロックチェーンの標準化規格の１つにイーサリアムが提案したERCがあり、利用する用途別に複数の規定が行われている,利用者がNFTを利用するにはウォレットを通じて、NFTマーケットへ接続することで可能となる,,
位置情報サービスについて不適切な記述を、一つ選べ,A-GPSは圏外時でも常に位置情報を取得できる,スタンドアロンGPS方式はGPSの電波を受信して端末内部で計算を行う方式である,ジオタグが付与された写真では、撮影場所の緯度と経度が保存されている,A-GPSの計算モードには端末Base型と端末Assisted型がある,,
情報セキュリティを確保するための3つの要素として、正しいものを選べ。機密性：正当な権利を持つ人だけが、その情報にアクセスできること【A】：情報が破壊、改ざん又は消去されていないこと【B】：情報が必要な時に、いつでもアクセスできること,【A】完全性【B】可用性,【A】可用性【B】完全性,【A】完結性【B】簡易性,【A】可用性【B】簡易性,,
スマートフォン等に対する脅威として正しいものを選べ,コンピュータウイルスへの感染による動作不具合やキーロガーによる情報漏洩、ランサムウェアへの感染によるデータ損失や動作不良を「マルウェア」と呼ぶ。,迷惑メールやフィッシングサイトによる架空請求や情報搾取などを、「なりすまし」 と呼ぶ。,メールアドレスの査証、端末の盗難によるID/PWの不正入手を「詐欺行為」 と呼ぶ。,金融機関等の実在するウェブサイトを模倣した偽サイトのことを「有害サイト」 と呼ぶ。,詐欺行為：迷惑メールやフィッシングサイトによる架空請求や情報搾取などなりすまし：メールアドレスの査証、端末の盗難によるID/PWの不正入手フィッシングサイト：金融機関等の実在するウェブサイトを模倣した偽サイト有害サイト：出会い系などの有害サイトの増加・拡大によるネット関連事件の急増、未成年者が用意にアクセス可能なインターネット環境が存在することに影響する,
情報セキュリティマネジメントにおけるリスク分析について、正しいものを1つ選べ,現場の経験や知見に基づき、分析は短時間で行われるが重要な項目が抜けることもある、現在ではあまり用いられていない方法を「非形式的アプローチ」という。,守るべきすべての資産を洗い出し、資産の価値・脅威・脆弱性を明かし、セキュリティが損なわれた場合の被害を算定して分析する方法を、「ベースラインアプローチ」という。,日本では、ISO/IEC21000シリーズという国際規格に準じて、マネジメントシステムを作り、情報セキュリティの安全性を確保する方法が多く用いられている。,情報セキュリティに関する基準や、業種・標準化されているガイドラインなどを参照して、組織共通のセキュリティ対策のベースラインを決めてリスク分析する方法を、「詳細リスク分析」という。,・日本におけるマネジメントシステム作成や情報セキュリティの安全性を確保する方法の基準にしている国際規格は、「ISO/IEC27000シリーズ」。「ISMS規格群」、「ISO27k」とも呼ばれる。・ガイドラインなどを参照して、組織共通のセキュリティ対策のベースラインを決めてリスク分析する方法を「ベースラインアプローチ」という。・守るべきすべての資産を洗い出し、資産の価値・脅威・脆弱性を明かし、セキュリティが損なわれた場合の被害を算定して分析する方法を「詳細リスク分析」という。,
無線LANのセキュリティにおいて、接続に関する認証方式で、認証サーバーでパスワードや証明書を一元管理することで安全性を確保し、端末やアクセスポイントの増加への対応が用意で大規模な組織運用に向いている認証をなんというか。,EAP,SAE,PSK,WPA-Personal,・PSK(Pre-Shared Key)認証(WPA2-Personal)：すべてのアクセスポイントおよび端末において、事前に設定・共有された共通のパスフレーズを仕様して認証する方式。認証サーバーが不要で導入が容易ですが、定期的にパスフレーズを更新するなどのリスク対策が必須。・SAE(Simultaneous Authentcation of Equals)認証(WPA3-Personal)：アクセスポイントおよび端末で共有しているパスフレーズそのものを、端末→アクセスポイントへ送信することはなく、パスフレーズに紐づいた質問を複数回端末側へ繰り返し実施し整合性が取れるか確認する方式。パスフレーズが短く簡単な場合でもセキュリティを保つことが可能。・EAP(Extejsible Auuthentication Prtocol)認証(WPA2-Enterprise/WPA3-Enterprise))：　IEEE802.1X認証とも呼ばれ、ネットワーク認証方式であるPPPと拡張したプロトコルを仕様して認証する方式。,
無線LANのセキュリティにおいて、通信内容の暗号化の方式として、WPA3-Enterpriseで新たな標準として追加された、192ビットの暗号強度を持つアルゴリズム。米国家安全保障局が規定した暗号アルゴリズム群をなんというか？,CNSA Suite,TKIP,CCMP,SAE,・CNSA Suite(Commercial National Security Algorithm Suite)・TKIP(Temporal Key Integrit Protocol)：脆弱性が指摘されていたWEPの代替として設計された暗号化方式。WEPとの互換性を重視したため、設計時の寿命が近く、WPA3では廃止されている。・CCMP(Counter Mode with Cipher Block Chaining MAC Protocol)：暗号化アルゴリズムとしてAESを採用するなど、他TKIPと比較して他愛暗号強度を餅、WPA2やWPA3ではCCMPの実装gあ必須。・SAE(Simultaneous Authentcation of Equals)認証(WPA3-Personal)：アクセスポイントおよび端末で共有しているパスフレーズそのものを、端末→アクセスポイントへ送信することはなく、パスフレーズに紐づいた質問を複数回端末側へ繰り返し実施し整合性が取れるか確認する方式。パスフレーズが短く簡単な場合でもセキュリティを保つことが可能。,
セキュリティの強化として、「伝搬範囲の管理」とは具体的にどのような対策でしょうか？,アクセスポイントの窓際への設置を避けたり、電波出力を調整したりすることで、アクセスポイントが発する電波を制限し、無線LANにアクセス可能な範囲を制限すること。,利用者の属性に応じた複数のアクセスポイントを設定し、接続後にアクセス可能なネットワークを制限することにより、不正侵入された場合のリスクを低減すること。,アクセスポイントや認証サーバに接続した端末の情報、エラー情報等を収集・保存するとともに、取得したログを定常的に分析すること。,アクセスポイント周辺の電波状況を定期的に監視、許可なく設置されたアクセスポイントや不正なアクセスポイントがないか確認すること。,,
ネットワークのセキュリティ技術において、webサーバーや、クライアントに格納された証明書を仕様して、TCP上で通信暗号化するVPNの方法はなにか？,SSL-VPN,L2TCP,IPsec-VPN,シンクライアント,IPsec-VPN：ハードウェアを企業ネットワークに設置し、かつクライアントにソフトウェアをインストールして通信を暗号化する方法L2TP-VPN：企業ネットワーク上のゲートウェイとの間にトンネルを張る方法。非IP等の任意のプロトコルにも対応した、IETFで標準化されたトンネリングプロトコル。シンクライアント：端末へのデータ保存を許可せず、必要に応じてサーバからデータを取り出して利用する方式をインクライアントと呼ぶ。,
図に示した暗号化手法はなんと呼ばれるか？,公開鍵暗号方式,共通鍵暗号方式,ハイブリッド方式,秘密鍵暗号方式,共通鍵暗号方式(秘密鍵暗号方式)：送信側と受信側で同じアルゴリズムと鍵をしようして、暗号化と複合を行う方式ハイブリッド式：送信側と受信側で公開鍵暗号方式を使用して共通鍵暗号方式の秘密鍵を送り、その後の通信では、処理の早い共通鍵暗号方式を用いる方式。,mcpc_rank2_12_169.jpg
電子署名において、悪意ある第三者が送信者になりすまして偽の公開鍵を公開した場合、公開鍵と送信者自体の真贋を確認できない問題を解決するために、PKI(Public Key Infrastructure)と呼ばれる仕組みが存在します。図の中に入る言葉において、正しいものを選びなさい。,【A】CA(認証局)【B】公開鍵,【A】AAA(認証、認可、アカウンティング)【B】公開鍵,【A】CA(認証局)【B】秘密鍵,【A】AAA(認証、認可、アカウンティング)【B】秘密鍵,,mcpc_rank2_12_170.jpg
モバイル端末の認証方法として、「スマートフォンでは、ユーザーが最初に登録画面上のドットを結ぶ軌跡によって認証させる方法」がある。これはなんといった認証方法でしょう？,知識情報による認証,所持情報による認証,FIDO認証,生体情報による認証,・知識情報による認証：利用者が知っている情報で認証を行う。パスワードもこの認証方法である。・所持情報による認証：事前に利用者の所有物に関する情報を登録しておき、その登録情報を利用して認証する方法。ICカードや、SMS、アプリを利用する。・生体情報による認証：利用者地震の特徴によ認証。バイオメトリクス認証とも呼ぶ。指紋や顔認証など。・FIDO認証：Fast Identity Online。認証情報をサーバーが保持するものだと、盗聴などのリスクがあることから、認証は、スマートフォンなどの利用者の手元にある認証機で実施し、認証結果をサーバーへ送信しその妥当性を判定する方法。,
ネットワークのアクセス管理として、従来は外部からのアクセス管理に注力して、内部においては自由な通信を許可していたが、近年では、「すべてを信頼しない」という理念のもと管理を行うアプローチが登場している。これをなんというか。,ゼロトラストネットワーク,シングルサインオン(SSO),多要素認証(MFA),FIDO認証,・シングルサインオン：アクセス管理の効率化を図る手段。サービスを提供するサーバーがネットワーク上に分散して存在している場合に、特定のサーバに認証を集中的に担当させ、サービスごとに認証しなくてもサービス利用できるもの。・,
個人情報保護法における個人情報の定義によると、個人情報に含まれる記述などの一部を削除したり、個人識別符号を削除したりするなど、特定の個人を識別できないように個人情報を加工して得られる個人に関する情報をなんというか？,匿名加工情報と仮名加工情報,特定個人情報,要配慮個人情報,個人情報とはみなされない,・個人情報：個人情報に関する情報で、氏名、生年月日そのほかの記述などにより特定の個人を識別ができるもの、または個人識別符号が含まれるもの。個人識別符号は、生体認証のための身体的特徴、パスポートや運転免許証の番号などの公的な番号が該当。また、他の情報と照合することで特定の個人を識別できる場合も個人情報とみなされます。・要配慮個人情報：個人の信条や病歴、犯罪歴など、不当な差別や偏見に繋がりかねないもの。・特定個人情報；マイナンバー,
EUデータ保護指令を置き換えるための規則として、2018年5月25日に施行されたものはなにか？,GDPR,個人情報保護マネジメントシステム,プライバシーマーク,OECD,・GDPR（General Data Protection Regulation) EU一般データ保護規則。欧州経済領域(EEA)域内に所在する個人の個人データを処理する企業が適応対象となり、EEA域内に拠点をもたない企業も対象となる特徴がある。,
IoTシステムの構成は、2通りの方法を使って表現され、【A】では、IoTシステムにおける機能面に着目したシステム構成の表現となっている。もうひとつは、具体的なシステム実装をイメージしたハードウェア的な構成例を示すもの。【A】において、クラウド/サーバ側を示す領域を【B】という。,【A】機能的アーキテクチャ【B】インフラストラクチャ領域,【A】機能的アーキテクチャ【B】フィールド領域,【A】物理的実装構成【B】フィールド領域,【A】物理的実装構成【B】インフラストラクチャ領域,・フィールド領域：IoT帰納的アーキテクチャにおいて、デバイス側を表す領域。,
IoTシステムにおいて、IoTサーバとIoTデバイスの双方のIoTアプリケーションが、ネットワークを介して効率よく連携できるように支援する、共通サービスを提供するミドルウェアをなんというか？,IoTサービスプラットフォーム,IoTアプリケーション,Underlying Network,IoT ゲートウェイ,・Underlying Network：IoTシステムの機能的アーキテクチャにおいて、フィールド領域と、インフラストラクチャ領域をつなぐ、基幹ネットワークのこと。・IoTゲートウェイ：IoTエリアネットワークを介して周辺のIoTデバイスと繋がり、デバイスで取得されるIoTデータをいったん集約し、基幹ネットワーク通じてインフラがwあのIoTサーバへ送信したり、IoTサーバから送られるデバイスの制御情報などをデバイスへ中継したりの管理機能を有する。,
IoTアプリケーションとして、健康管理分野におけるサービスで、インターネットを通じて提供されるヘルスケアサービスをなんというか？,eHealth,HEMS,スマートグリッド,BLE,・HEMS：Home Energy Management System　家庭内エネルギー管理システム・スマートグリッド：電力インフラとインフラインフラを融合させた次世代のエネルギー供給システム・BLE：Bluetooth Low Energy,
モバイルネットワークでIoTデバイスを収容する際の利用ケースの類型として、電力量計は【A】といわれ、侵入者監視は【B】と呼ばれる。,【A】定常監視型【B】事象発生検出型,【A】点呼・応答型【B】定常監視型,【A】定常監視型【B】点呼・応答型,【A】点呼・応答型【B】事象発生検出型,,
LTE-Advancedでは、ネットワークに膨大な数のIoTデバイスを効率的に収容し、デバイスの消費電力低減を図るために、様々なアクセスネットワーク技術が用意されており、MTCよりも消費電力低減を実現するため、LTEより狭い信号帯域幅と、異なる変調方式や通信路符号化方式を採用し、マルチトーン変調時の最大伝送速度は250kbpsなアクセスネットワーク技術はなんというか？,NB-IoT,eMTC,V2X,IIOT,eMTC：MTCよりも消費電力低減を図るとともに、腹心方式に半二重FDD方式を採用し、送受信部の構成簡略化による小型化、低コスト化を図った技術。V2X：基地局を介することなく走行する自動車に搭載したIoTデバイス間で直接通信または、自動車上のIoTデバイスと固定設備間のデータ通信を行う仕組み。IIoT：Industrial IoT。5G NRにおける産業用IoT。,
LPWA(Low Power Wide Area)Networkの技術として、以下の説明にあうものを選べ。IoTデバイス発の上り方向のみのデータ伝送を提供する。GNSSによる高精度のタイミングと受信側での高度な信号処理によってIoTデバイスがデータ送信を行うための処理を軽減して小型電池による長時間の運用が可能。,ELTRES,ZETA,SIGFOX,LoRaWAN,・SIGFOX：1回の伝送で送信んするユーザデータのサイズを固定長とし、100bpsの低速・狭帯域伝送とすることで低消費電両区で等距離伝送を可能とする。下りデータ伝送は上り方向の通信が発生した時のみ可能。LoRaWAN：IoTデバイスと無線通信を行う区間の通信サービスを提供し、その先の区間は一般の固定計通信ネットワークを利用。チャープ拡散変調を採用し、300bps～37.5kbpsの範囲でデータ伝送速度を選択・設定することが可能。ZETA：IoTデバイスの発着の双方向通信を提供。無線通信区間ではメッシュ型の構成をサポートし、データ伝送には周波数ホッピングを利用する。,
家庭内の家電やIT機器接続用のブロードバンドルータ機能に加え、IP電話用のVoIP接続機能、ケーブルテレビ用セットトップボックス接続機能、ユーザや端末の認証機能などを搭載している機器をなんというか。家庭内の各機器と、通信回線の間に存在する。,ホームゲートウェイ,IoTゲートウェイ,ネットワーク運用・管理サーバ,IoTエリアネットワーク,・IoTゲートウェイ：家庭内に限らず、期間ネットワークとIoTデバイスとの間に介在し、両者との相互接続を可能とするために設置される中継装置の総称。・IoTエリアネットワーク：IoTゲートウェイとIoTデバイスとの間の接続を行うための近距離無線通信技術やPLC(電力線通信)技術を用いた構内など狭いエリアのネットワークを指す。,
免許不要な無線局として、以下定義に当てはまるものはなにか？総務省が指定する周波数を使用し、空中線電力が0.01W以下で主にデータ伝送のために無線通信を行うもので、技術基準適合証明を受けている無線局。,省電力データ通信システム,微弱無線局,特定小電力無線局,簡易無線局,・微弱無線局：発射する電波が著しく微弱な無線局。無線設備から3mの距離での電界強度が、322MHz以下では、500μV/m、322MHz～10GHzでは、35μV/mと規定されいているもの。・特定小電力無線局：総務省が指定する周波数、方式、特定の用途および目的の無線局で、技術基準適合証明または工事設計認証を受けている無線局。・簡易無線局：無線従事者による操作を必要としない簡易な無線業務を行う無線局で、技術基準適合証明を受けている無線局。920MHz帯では、登録が必要で、期間は5年。,
主に、2.4GHz帯の周波数帯を使用し、通信距離は30~100m程度、センサーネットワーク向きな、無線規格を選べ。システムとしては、Zigbeeに代表される。,IEEE802.15.4,IEEE802.15.1,IEEE802.11,ARIB-STD-T108,"IEEE802.15.4の特徴：センサーネットワーク向き、免許は不要、周波数帯は主に2.4GHz帯、伝送速度は250kbps、通信速度は30～100m、接続可能ノード数：65,536。ネットワークトポロジ：PtoP、ツリー、メッシュ、スター。電源としては、乾電池で数年間稼働。",
13.56MHz、920MHz、2.4GHz帯などの周波数帯を使用し、通信距離は数m、近距離伝送に利用され、RFID/NFCの無線規格は？,ARIB-STD-T108,IEEE802.11,IEEE802.15.4g,IEEE802.15.4e,,
ビルオートメーション用途向けにエナジーハーベスティング技術を応用した省電力技術を用いた無線システムはなんというか？ 周波数は7GHz以下のSub-GHz帯を使用し、無線規格としては、ARIB STD-T108が適用されている。,EnOcean,ISA100.11a,Z-Wave,ANT,・Z-Wave：Zigbee同様にセンサネットワーク用の通信規格で、A-Wave Allianceでしよう策定が行われる。ホームIDによりネットワークの識別を行い、ノードIDにて個々のデバイスを識別する。・ANT：スポーツ/フィットネス機器中心に採用されている通信規格。ANT+Allianceという団体で、体重計、心拍計などの相互接続性確保のための機能プロファイル(Weight Scale(WGT)、Heart RateMonitor(HRM)など)を規定している。・ISA100.11a：工業応用向けに国際計測制御学会(ISA)が制定した通信規格。物理層は2.4GHz耐のDSSSを使用し250kbpsの伝送速度を達成。データリンク層には、IEEE802.15.4eのTDMAを使用。,
機械学習において、学習フェーズにおける訓練データに正解情報を付けて入力する処理の【A】、正解情報がない【B】および、行動に対して得られる報酬を最大とするための試行錯誤をベースとする学習方法の【C】の3種類に分けられる。,【A】教師あり学習【B】教師なし学習【C】強化学習,【A】教師なし学習【B】教師あり学習【C】強化学習,【A】強化学習【B】教師あり学習【C】教師なし学習,【A】強化学習【B】教師なし学習【C】教師あり学習,,
ネットワーク上に配置されたいくつものサーバ、ストレージ、アプリケーションなどのリソースを柔軟かつ効率的に利用できるクラウドコンピューティングにより、効率化が行われているが、IoTデバイスに近いところで情報処理を行い、リソースにアクセスするまでの伝送遅延を低減し、よりリアルタイム性を要求される利用シーンにおいて有効な仕組みをなんというか？,エッジコンピューティング,Inactivity Timer,ELTRES,LPWA,,
モバイルシステムで結ばれた提供者と利用者の商取引関係において、企業あるいは企業と提携した外部の業者がイントラネットなどを利用してその企業の従業員と行う電子商取引をなんというか？,B2E,B2B,B2G,B2B2C,Business to Employee,
商取引において、メーカが自社の商品を消費者へ直接販売し、特徴としては実店舗を持たず自社ECサイトで直販を行うことが特徴な取引形態をなんというか？,D2C,O2O,OMO,C2C,・D2C：Cirect to Customer・O2O：Online to Offline・OMO：Online Merges with Offline・C2C：Consumer to Consumer,
クラウドコンピューティングサービスとして、アプリケーション/APIは提供せず、ミドルウェア、OS、ハードウェア・インフラを提供する形態をなんというか？,PaaS,SaaS,IaaS,FaaS,・SaaS：Software as aService：アプリケーション/API含め提供し、ネットワークを経由してアプリケーションを利用できる。・PaaS：Platform as a Service：アプリケーションを稼働させるためのプラットフォームをネットワーク経由で利用できる。・IaaS：Infrastructure as a Service：OS、ハードウェア・インフラを提供し、サーバー/CPU/ストレージなどのインフラをネットワーク経由で利用できる・FaaS：Function as a Service：機能実行環境を提供するサービス。PaaSに似てるが、プログラムのリクエスト送受信もベンダーに任せれられる。イベントドリブン方式/オートスケーリングなどの機能・特徴がある。,
モバイル向けアプリケーションの開発に特化した環境の提供を行う、クラウドコンピューティングサービスはなんというか？,BaaS,UCaaS,DaaS,DBaaS,・BaaS：Backend as a Service・UCaaS：Unified Communications as a Service。一元的なプラットフォームでさまざまな通信サービスを提供する。・Daas：Desktop as a Service/Data sa a Service。Desktopは、ネットワーク上のサーバにソフトやアプリ、データを保存して外出先でも手元の端末から利用可能にするサービス。Dataの場合は、消費者データなどを集約・分析できるサービス。・DBaaS：DataBase as a Service。ネットワーク経由でデータベースが利用できるサービス。DBMS(データベース管理システム)を自社で用意する必要がなく、構築の手間やコストを削減できる。,
営業社員個人で留まりがちな顧客情報や案件の進捗、商談事例などの情報を集約、活用することによって、営業チームとして生産性の向上を目指すシステムをなんというか？,SFA,Mobile LMS,SEM,社内SNS,・Sales Force Automation・Mobile LMS：スマートフォンやタブレットを用いたLMS(学習管理システム)。学習を提供するクラウドサービス。・SEM：Serch Engine Marketing。検索エンジン対策であるSEOに、ユーザが検索したキーワードに関連した広告を検索結果画面に表示する検索連動型広告を合わせて、検索エンジンマーケティングと呼ばれる。,
モバイル検索エンジンとして、WWWに存在する膨大な情報を効率よく収集するため、ロボット型が主流になってますが、モバイル検索エンジンの活用技術として【A】を呼ばれる検索がある。これは、一つの検索ワードを複数の検索エンジンで検索し、その際に検索対象サイトを選択する方法。,非統合型メタ検索,分散型検索,統合型メタ検索,ディレクトリ型,非統合型と比較して、検索結果をひとつにまとめ、毎回検索対象サイトを選ぶ必要がない方法が、統合型メタ検索。,
Webサービスにおけるプロトコルのひとつで、XMLをベースにしたサービスプロバイダと利用者間で用いるメッセージ交換用通信プロトコルをなんというか？,SOAP,UDDI,WSDL,Webhook,"・SOAP：Simple Object Access Protocol・UDDI：Universal Description,Discovery and Integration。SOAPを利用したWebサービスの検索・照会システム。・WSDL：Web Services Description Language。XMLをベースにしたWebサービスの提供機能や利用方法を記述するための言語仕様。・Webhook：HTPのPOSTリクエストを利用し、Webアプリケーションに対して、特定のイベントが発生したら別のWebアプリケーションへ通知をリアルタイム提供する仕組み。",
構造化されたデータを収集・統合し、システムへ入力する業務や、単純なフロント/バックオフィス業務を自働化するテクノロジーはなんというか？,RPA,チャットボット,OCR,Wake On LAN,・RPA：Robotic Process Automation・チャットボット：ユーザからのメッセージにロボットが自動的に返信してサービス提供するアプリケーション・OCR：Optical Character Recognition。光学文字認識。紙や画像に印刷された文字をコンピュータが利用できるテキストデータに変換する技術。・Wake On LAN：ネットワークにマジックパケットを送信することにより、遠隔でPCを起動する技術。,
